{
    "loss": 1.1927030086517334,
    "accuracy": 0.7931034564971924
}